A,B,C,D,Class
-0.507318135280576,-0.08668480666286288,0.7504511958064572,-1.0399841062404955,class_3
1.9723478677155517,1.83091988094335,0.12784040316728537,-1.302179506862318,class_3
-0.1575438213021209,0.19029530669193026,0.8793979748628286,-0.85304392757358,class_1
0.12778487299866842,-0.2565023989133588,0.4675093422520456,1.1272412069680329,class_2
,-0.3705775787743037,0.8784503013072725,-0.9588826008289989,class_2
0.2147353866004642,0.1456277013137288,1.2225413386740303,-0.6809295444039414,class_2
0.3357665424891827,0.4991980964675602,0.5323091855533487,-0.3521335504882296,class_2
-0.3114048280909325,-0.4931591488334706,2.1416476008704612,0.43082100300788273,class_2
0.24682657436462674,0.7517183326121676,0.6159794225754956,-0.8137727282478777,class_3
-0.03441472633712337,0.25653921351230247,-0.8244812156912396,-0.840156476962528,class_3
-0.7763474052764864,-0.672521705251791,-0.6655097072886943,0.543154268305195,class_1
-0.1637287431178868,-0.06373377381257486,0.8714287779481898,0.21868859672901295,class_1
-0.8028834263533469,-0.5205627490793034,0.28911939868998415,0.06757906948889146,class_1
1.5631172402465594,1.2774023806483774,-0.4703726542927955,-0.31967121635730134,class_1
,0.4846891160282446,-0.8658311156932432,1.4949413112343959,class_2
1.5091752590187133,1.7713418555882634,0.1627530651050056,-0.33488502998577485,class_3
-0.5898329167885963,-0.7966029243719682,-0.3487250722484376,0.7933472351999252,class_2
-0.5828407218876583,-1.089662171596285,-1.2756863233379219,-0.1913043248816149,class_1
0.7417740152358644,1.0505684530685722,0.14242573607056525,0.49716074405376404,class_1
0.48560635685363907,0.3472623785698805,0.6255903939673367,,class_1
-0.3598502421705478,-0.5305686182841223,-0.3630538465650718,-0.6619259410666513,class_2
1.162766539613155,1.1683540793719671,-0.46940234020272387,0.4869724807855818,class_2
-0.4465518578149846,-0.49059590544699916,0.6653851089727862,0.4465311760299441,class_1
0.7361643453424953,0.08899597345733251,-1.6873344339580298,-0.07971821090639905,class_2
1.4916793821564296,1.0867368381589508,0.3997742267234366,-0.9972468276014818,class_2
0.20367376975728332,0.5335007588686445,-0.35626397106142593,1.2992282977860654,class_2
0.9857880528068442,0.8341678519399431,-0.9500220549105812,-0.20543755786763002,class_3
-0.8721903569553532,-0.7658717634579866,0.43442364354585733,-1.7273204231923487,class_1
0.6975039119211196,0.4607075737096831,0.07212950771386951,-1.4460578543884546,class_1
-0.17326317271768063,-0.2803062634830403,1.6017788913209154,0.02185214552344288,class_3
0.6936583760602226,1.3015055385423677,0.21999668397176517,0.17927563495631615,class_3
-0.5481502570360416,-1.0797812567572753,1.4633028912195618,0.35687105914950934,class_2
0.9313890431106324,0.3157162811869896,-0.38980980315576796,-0.9265759414055249,class_3
-0.39197817944038554,-0.8461589518617538,-1.4708062945026579,-0.22222269709877338,class_1
-0.9571349546424426,0.3459839555730696,1.9967308916917865,0.8381265678943811,class_1
-0.46377845488466635,-0.3440542492533278,-2.132046280731309,-0.9895381200318641,class_3
0.8238387663072984,0.7608751677794002,-0.6120967990598081,-0.41535726017968533,class_1
-0.8074097892647885,-1.270568227759044,-0.1586348370386883,0.15704856744534462,class_2
1.236957878857251,2.02760017210124,-0.05378255081832049,-0.4863079090733309,class_2
0.13798558420584817,-0.3919373780387718,-0.49929559853915206,0.9827395110230576,class_1
1.1243471050765368,0.757011814964828,2.1284697324351645,-0.7252260645357532,class_3
-0.903335835737771,-0.7311805300943852,0.9315730128742441,-0.9029271780870264,class_3
0.05292696096897269,0.25241651404635557,-0.6547876954293904,-0.040762526135434025,class_1
0.40487120970452173,,-1.2779375743196193,-1.2256057637672482,class_3
-1.6030204405816146,-1.4751951050020882,-0.11863832610988256,0.15999161357343825,class_3
-1.5203067148813212,-1.025559363194427,-0.41092723083373717,0.21938250136385634,class_2
-0.14410048384277035,-0.6916996820968473,0.18323443722190613,1.535755991995992,class_2
1.3736583510173195,1.2933749181838832,1.723665720783297,1.6509279322312496,class_2
0.5735518450341714,0.1734177578959771,-1.107045682043488,1.4614442922422022,class_2
-0.5904904532798848,-0.6635843395879667,-0.005121866720071296,-0.3946051228595896,class_2
-0.4730160618301124,-0.18503787880686448,0.09058490690174555,1.4074818613137168,class_3
2.270795469518608,1.7257256985242493,-0.8432302702928711,-0.04871840193011795,class_3
1.1525074805588116,0.5593266242135398,0.9159025423560131,-0.33412344070081207,class_2
-0.25407935211432797,0.19436758035586285,-0.32767309436196085,-0.4841694333335785,class_3
-0.3688725510109843,-0.6801075486378703,-0.15450567924990047,1.3373981074427437,class_3
0.46066712939102394,-0.024285959309728163,0.17657335845371103,0.2424967912712216,class_2
-0.5078737425863546,0.33147668421964216,2.5174740375339204,0.22822833013890514,class_2
0.9637248501980837,0.6995526425964288,-1.4634420018370031,-0.2873833615491761,class_2
-0.16134211569566595,-0.45388529714188297,-0.7290838377436085,1.2058536208882336,class_2
2.2113047121286162,1.9745322022167948,-1.062414411859563,-0.16266592054490767,class_3
1.1826994568590756,0.5266168779066522,-1.7577283913566313,-0.09426255425255699,class_3
-2.486079722833369,-1.6645870192102792,-1.0967855784546396,-1.287422581274031,class_1
-2.907883368643797,-2.755135082644722,-0.36824895678803055,-1.1715666288253417,class_2
-1.8587440085915985,-1.5111080762838036,-0.24527784594210975,-0.9868570784282374,class_3
-0.11632150264312292,-0.7311936005420836,-0.13382296451604114,-0.37615607123009925,class_2
0.3563179911889467,0.10796810898190248,0.23216988962625595,-0.2663874900089551,class_1
-0.5382540245604335,-0.3809437764200739,0.15542932766846604,1.0127158178198286,class_1
-0.12257969247584359,0.018960844242181064,-0.7215580335428474,8.439309141418043e-05,class_2
0.008545334684201912,0.1811011587642581,1.5733549024752425,2.093168308930595,class_2
0.6849836567754273,0.8024886824683068,1.191142953088865,-1.112411471983418,class_1
-0.5695973775480445,-0.3663744242268921,0.9274384815581808,-1.7445859869741926,class_3
1.070582018746705,1.094045884283972,0.2637172043565196,-0.47152480744994896,class_2
0.25065923136269663,0.31888726093854736,-0.25197737820688537,-0.10348826806596086,class_2
-1.4737023413863373,-1.3947635867739612,-0.23685026450968424,-2.5666584409312976,class_3
-0.36184127426773405,-0.21515723468819903,-1.7567217824785826,-0.37191458132128985,class_1
-1.6101522567693964,-1.757073203014611,0.8638280136981883,-1.5338614049161376,class_3
-0.2309272300404316,0.3504703874651753,-0.33445617235587666,-1.052898510703949,class_3
-0.666084847968024,-0.4697193155477925,1.1774118889776937,1.732311605409944,class_1
-1.6334618365113807,-1.7660923989624877,0.8279881767970589,0.43899315873829875,class_2
0.1986158617731936,-0.3283375381106329,0.989583934594853,-0.6974238233002769,class_2
-0.9304401994135443,-0.5946413792136198,1.1712470934673194,-0.19065105750515945,class_1
-1.759575182734035,-1.7895175519159694,-1.5720402556532407,0.7307746911386448,class_2
0.9997744137736843,1.2848882015980327,1.5112284332767216,-0.5182798423662747,class_3
0.9532642341419735,0.40920199559527304,0.03278209287626079,-1.013717366440399,class_1
0.5180234226325822,0.7902698294279216,1.1553120361066962,0.31200947155124387,class_2
2.1407240811403954,2.3258214438044202,0.07203357323257792,0.3043667290302598,class_3
-1.7074170091243865,-1.4431556679043112,-0.5911034251911056,-2.063238276804743,class_2
1.3522456007370651,1.7308494689387788,0.3683566127006584,1.475949048053509,class_1
0.504413936783288,0.6085601534817424,1.0684715559890383,0.8137636899662105,class_3
-0.19547731377255642,-0.2614541453022082,-0.8633452647393817,0.2703432392817259,class_2
0.3853564392702607,-0.08803528791774212,0.9998242469102946,0.3833938643534951,class_3
0.3057044242930446,-0.06201696233926223,-0.7435882288125641,1.4814555476589732,class_1
-0.49434830660954815,0.099980937317525,0.01142605556065933,0.8443851904853201,class_3
-1.3555785304357764,-0.3146204183533789,0.5541165013240933,0.8418200668900618,class_2
0.30231158296934507,0.0976221747928582,1.604254361517141,-2.003522292066514,class_3
0.1747279749751409,-0.3850256759427715,-1.6022595410589253,1.309550684860527,class_3
1.4435207092469085,1.677944639148574,0.43963660601699356,-0.7941362900254239,class_1
-0.2814325920450021,-0.2571249296942551,-2.310103436632644,-1.4127658838923665,class_3
0.42891867372924053,0.49074212160726666,0.7019536262212701,0.45938577171661177,class_3
-0.5833163540139928,-0.8984558175547198,0.5300647056014667,0.22921137411506842,class_3
0.2631067539230199,0.08702034859610075,0.8205284754174188,0.19677609665695725,class_1
-0.6934571027465698,-0.3224849094273031,-0.11754216732813036,-0.265838791915379,class_3
2.464407383082362,1.42078252760834,-1.4821853974428207,-1.296472328074761,class_2
0.6168631941092263,0.705317607808673,-0.28488406638257474,0.7494338997277404,class_1
-1.3643088999669433,-0.7589668874746035,-0.06913793472613955,1.3276861322676916,class_3
0.24126406918341256,-0.42085198786975714,-0.5944003521987352,-0.8373982238274621,class_1
0.4808699706886583,1.2504216339122534,0.8035850193786016,-0.35801668807442916,class_3
1.2410384019051475,1.453329393610137,-1.0405439391575344,0.39282746825991893,class_2
0.2630497345879233,-0.007514809467306872,0.9282969915684843,-1.8309058258475304,class_1
0.4247023711755345,0.6160607936387698,-0.6542832766875555,-1.06975241128969,class_3
-0.11085635650123352,0.479761490906445,0.3619218539288437,0.32866200228248105,class_3
0.40822962032703763,0.25998360301771545,1.067222416571983,-1.4768578168457318,class_1
-1.1643589943574362,-1.0083816727572799,-0.13113753020334493,0.3833771131824704,class_1
-1.9374315243703288,-1.8657921131677275,0.0693811351327787,2.076980529053753,class_1
-1.0432060394333116,-1.0547722566566242,0.3330703726182551,-0.8456610327673472,class_3
0.1575733098884032,-0.7694930659331194,-1.589567493308969,-0.8333688059494058,class_1
0.6559132586143157,1.522269372078983,-0.2931915866487618,-0.458675284939333,class_1
-0.9869635314568614,-1.1690144531848716,0.34770845245095694,-0.9620911163416273,class_3
0.35302408803855484,0.20130308165691962,0.6191711169753933,0.18532564941538202,class_2
-1.6177717139005086,-0.456056706693811,0.006339062362268442,-1.141938226142404,class_3
-0.3472969438793773,-0.08756553089291695,0.09152017817320818,1.4332145066061728,class_3
-0.04087289714527531,0.15156372074265012,-0.7794823967254196,-0.17040758116420443,class_2
0.7480168717479263,0.911934700242147,1.08528700444591,0.6655852363134291,class_1
0.06980605687347477,0.4881954506123945,-0.3086730555464126,0.4539655793086961,class_2
2.119339611156201,1.4507280817791395,-1.9908119951239978,-0.3356073681186462,class_3
-0.9933584804512948,-1.6652984532784572,-0.7194802332847904,0.895184981971686,class_3
2.792222211835992,2.986708370503629,2.4204150122474024,-0.5434955079326346,class_2
0.6118871243469729,0.4789200742888251,-1.5609583529944429,0.46508020950030626,class_1
-0.1740236625410294,-0.019893631744107906,0.7908061216900806,-0.08610065182104851,class_1
-1.0156449999731982,-0.2871622507835459,0.8978154084105481,-0.6883722822307594,class_1
0.9883706013093496,0.9027989690421553,1.3357843363202329,-0.8876956557145598,class_2
-1.3976769629770247,-1.338874718086209,1.4550455762707113,-0.4425357118921839,class_2
-0.04124902532130348,-0.46213162164436045,-0.36177047744417123,1.5647180216699044,class_1
0.2946634814088419,0.5797491358100535,-1.5657590721805144,0.4523339506431387,class_2
0.701010777360963,0.3492478689794161,-2.3942603049004716,1.1478126607335635,class_2
1.6838421157032528,1.603689532126543,0.24766590110894313,-0.8262294663639526,class_1
0.4724774203667325,0.021446390858058734,0.20338824061994343,-0.1591848713800608,class_1
-0.8133964692288931,-0.5645071472801304,0.385037937656101,0.6626659703854839,class_2
-0.22024663430358993,-0.3575784244926945,-0.0870941710525099,2.0350733027310675,class_2
0.9331889569488383,0.5357067148281367,-1.2444717876010754,-1.0322626705778368,class_3
0.24006960636823474,-0.1022881775331651,0.051142058552161786,0.3342951284977145,class_3
-0.7313948934796722,-1.0233878700951486,-0.159648307422017,0.7394126723009475,class_2
-0.5193405683770265,-0.5497422630788196,-1.4481272594150476,0.18797358748610446,class_2
0.06990728009676,-0.5807091143495604,0.189843392837443,-0.8996947864877538,class_2
-1.383623972933632,-1.2210822517085633,-0.25251733430296475,1.2479499850594318,class_1
2.588637610452183,2.109165147085643,-0.2937789201521298,-1.1563476602653329,class_3
-0.5090450496653058,-0.8835700697058788,,1.997296530747994,class_2
-0.28517285230690026,-0.17380051264064533,-1.2223743125399031,1.6111161484996208,class_3
-1.6804612171547846,-1.869903850707671,-1.281069206845832,-1.6517591481792673,class_2
0.9043004021235033,0.11051323755493596,0.24165971982083806,0.8126012877536446,class_3
-0.3620270806944757,-0.6426927593553913,1.274447216941239,-0.5775388873556505,class_3
0.5202977602724063,0.7206938879595598,0.7629264823369366,0.5411316108045314,class_2
1.5903077021718233,1.6955263779704597,-1.034308051674399,0.5380344399282511,class_1
1.6744905011736544,1.100878847517815,-0.8065989043073726,0.44632214754306365,class_2
-1.0202392623398422,-0.3712523515556411,-0.6139768013928971,0.2416445216767513,class_2
0.568056368263483,0.2909333378529855,0.2689134476786009,0.03210767397093466,class_3
-0.7639030131784722,-0.15451069885046573,-0.4116383222162092,-0.5334523471647244,class_1
0.44419076529456497,1.584284885088489,1.6109369950118944,-2.41278033092949,class_3
0.45900901571706815,0.3310062212042182,-0.31048397619594376,-1.9368380406201853,class_3
0.06783144737804506,0.3023982765459814,0.5795611424764774,-1.1133880419218483,class_2
1.418114925134283,1.4950179236868282,2.052684981945891,0.6991967316948878,class_1
0.7157738338653924,-0.05820603746317576,0.6152567669685612,-0.1420032144075213,class_2
-0.12128203015034789,-0.19917444467332013,1.8478250129560454,-0.3904639494628101,class_3
-1.6970758237705228,-1.5542356833968118,0.5872591668027922,-1.1037406977820072,class_1
0.9194445062195609,0.7746404539524907,1.2125188368316004,0.17739611463694044,class_2
1.7256709590889376,1.5725714370222317,-0.9024230947925126,-0.01756282647744591,class_1
-0.028271500176077147,0.1873153426105799,-1.615658339320678,-1.7056522160155172,class_2
0.44857943439443754,0.5703868919560738,0.7848440366081351,-2.564744341820567,class_2
0.6176819357793307,0.773916283784729,0.8358078963143372,-1.3168302110582415,class_3
-2.284947225572798,-2.3595996653860145,0.3877031412620148,0.42018859872493736,class_1
-0.6795232919107549,-0.912665988771067,1.251725008565195,0.6250852012481537,class_2
0.08933599907260824,0.7594294199229469,0.7908017211789892,-0.4791031709119801,class_1
0.5021763344078125,0.3922684503515797,0.3140772238697992,-0.42477372779309125,class_2
-0.7529935052934629,-1.1029007271822566,-0.8267050469168946,-2.2517772906190467,class_2
2.306571653756448,2.2166349181373044,-0.9151561158459262,-0.9636384443688041,class_1
-1.0720495433018764,-1.097520388458029,-1.0308137202711538,-0.24506065119070236,class_2
-1.1475032961886216,-0.8977126078488362,-0.9105748839214486,-0.9759588161149049,class_3
0.05902993455071493,0.3728234574444674,-0.013646791795296761,0.6474846907094743,class_2
1.2807508267888725,0.7369878748844974,-0.21069001436315682,-0.01208465078826744,class_1
1.7524786222341124,1.2953009818699,-0.3509523822179781,0.6857490352746618,class_2
0.428402216687414,-0.24091495298859936,-2.280737845371923,1.1280188573493026,class_2
0.727941084278681,1.0710957862744517,0.2825869829192965,1.461178866720329,class_2
1.0982608633396762,1.1243219364026713,0.4478137167227104,-1.1195358752705262,class_1
-0.5702009438869907,-0.4994879394094135,0.278143726454627,-0.18767099092845213,class_1
-0.25556935360698857,-1.2605784042949688,-1.6198719943917699,0.8070082819444706,class_2
-0.5605087980771137,-1.3922524772765101,-1.0206230195133374,1.1877250932619365,class_2
-0.2119748501169098,0.01892044345047896,1.7975945224343146,0.9308382263505294,class_1
0.42922224173063017,0.2953869974998743,0.011451291670654416,-0.8931306215848627,class_2
0.7353376040975622,1.243394020533379,,2.0487556508632867,class_1
0.7985777350915756,0.996490154864643,0.6396264094979018,0.8550193242972788,class_1
-1.3604396102643481,-1.0756064612809468,0.7400142363043355,0.6353711428612774,class_1
-0.20779407397490016,-0.456530679679982,0.08362107741055723,-1.7836111297141835,class_2
0.9435036949501586,1.5513656266859701,1.7289953408857035,1.681816619300824,class_2
-0.2940981184925495,-0.20340441913349294,0.012053180601825543,1.3506251209526567,class_2
1.357065925410523,0.7745021885553502,0.0603859284244171,0.39699130449884,class_2
-0.1500514069017776,0.2498529508866894,1.79756116664464,-0.07972956385680847,class_1
0.03421731225776471,-0.056528580459876,0.044212378104198057,0.248787309801083,class_1
1.3345985824528015,0.7754404747815133,-0.7460982566525134,-0.15105187760692926,class_1
-0.47084427017408664,-0.5257105080208913,-1.786707511368078,0.39126465993323495,class_3
-0.9791909213062006,-0.9617884061353645,1.0258368428852387,1.0592237388963208,class_2
0.7388387084408001,0.908457896310592,0.3446049047503575,-1.0836988273580606,class_1
-0.9765222675351123,-1.5329480521626664,-0.1322286565311721,1.0999796503420836,class_2
0.4402476884595303,0.18180558656788035,-0.2020832453894041,0.21723119481052466,class_1
-0.3161245993724142,-0.17683865751492028,-0.628066083725374,-0.5039577414106104,class_1
0.6465979708633943,0.13702983046830547,0.2732040228521227,0.24410438897835213,class_3
0.942354149735638,-0.004242496819455796,-1.1620795127342871,1.4377769399164624,class_1
1.8410007678156568,1.7884035942911625,0.03091727803269891,0.029109946576669203,class_2
-1.5325940520022714,-0.834297659622706,0.3959338744308236,-2.672834433102938,class_2
1.2992065735868406,0.8992428626993374,-0.7528919172286209,-0.3798065117898951,class_1
0.3931191608982972,0.24288257219862305,1.8373866754875203,1.4274852836845047,class_1
-1.8359607998129996,-1.877685224379828,1.753691026701081,0.035576476984624864,class_1
-0.31809260913674503,0.06261387358684173,3.1788536793675353,0.36547447264283456,class_2
0.7988676621774958,0.5798447219854838,-0.3618325370843415,0.9689978702758579,class_1
-0.8887222503053379,-0.8824678689510954,0.2785759145118061,0.031085587771152785,class_2
-0.477110831391033,-0.17901047160016134,-1.9369669327054153,0.4249658974361492,class_3
0.9383754095464804,0.975932855992431,-0.05841124385868244,-1.4422991355594112,class_2
0.7669415848217302,0.5849508077669223,-1.342175166370907,0.8310318576679744,class_2
0.7954365060191027,0.3446930761388989,0.2788642846472388,-0.04658727033933937,class_1
-0.2679890703796473,-1.1438977905550451,-1.8919462533119105,0.06300236833469973,class_3
0.018264428963445618,0.0057502939676455506,-0.1034201135746335,-0.2209673177863541,class_2
0.042212278127103965,-0.48190935175787347,-1.1111049009175582,0.9476496098482997,class_3
1.1620907100381583,0.9691898489821342,1.2449473786464456,0.2889166671687069,class_2
2.563067359891943,2.313643418801016,-0.8330367227960116,-1.7039928626103755,class_1
,0.6326874663268878,-0.3117463308224471,0.038581122980917065,class_2
1.002280170947145,0.31552015945448697,0.4788755385204616,-0.862317959475543,class_3
-0.7349738252256451,-0.024675156700746808,-0.1474424899181674,0.10255318372626686,class_1
0.8920023588435143,0.320903242975804,-0.2254314492280993,2.0602981705240784,class_3
-0.15692852247974826,0.02063016715339311,-0.7517558478135002,-1.0762452003187681,class_1
-0.8003410391150825,-0.2826878328313557,0.9874051450464006,-0.6221677002542582,class_1
-0.9793744701385537,-1.8204930975235005,1.3634287120856987,0.5294134071257222,class_2
0.4376369050162719,0.1820770450536553,0.11922586112739209,-0.8670052563234263,class_1
0.06942385644568407,0.2544774064065787,-0.1697197964203783,1.8821748802040494,class_3
0.12613983039130192,0.3266364478843189,0.006016680436071459,0.07571328795683367,class_3
-1.2676279810533428,-1.0039745984335569,0.30962008190916684,1.6473939976033294,class_2
0.9280874947887542,1.3153604431654922,0.940289464883589,-0.08787674241562057,class_2
-0.47464829341995945,0.06214498403729304,0.49076670899381886,0.8863939595679524,class_1
0.37326840442371145,-0.9373332433533637,0.33584125693302364,-0.35569831557103465,class_1
-0.47420938319098344,-0.27217232283018,-1.723463407405418,-3.6484128252147836,class_3
-0.771900306044334,-0.1589757427461408,-0.7121020418789388,-1.1624287801399305,class_3
0.380534552034406,0.563013877791534,-0.001919853176346149,2.242920312402985,class_3
-1.5513984202566375,-1.6004700284538882,-1.0023439806908012,0.13102711619341956,class_1
0.20066824966532448,-0.131250145242912,-0.25583207134082336,-1.3647416522015654,class_1
-0.8772094945480537,-0.9246954975189029,-0.28279574914757005,0.03461187418525562,class_3
0.015433632386065923,-0.4503785178267824,-0.9997122286693814,0.6168141996897798,class_3
-1.175947651697237,-0.9774685742054404,-1.416842092596874,-0.4123368722047306,class_3
-0.6161184002763976,-0.2871556407225266,0.2294817154636063,-1.5307152572567064,class_1
-0.4389296040117261,-0.290883946041014,-1.404269098090749,0.6319814837613953,class_2
-0.03581858030163183,0.6257330923484316,0.8705556094197265,-0.4827901587246448,class_1
-1.8278062162235051,-1.6700649639111622,-0.10973418163018368,1.314807871505905,class_2
-0.9316032829730332,-0.5632096830623344,0.13076418791154437,0.12117794929946196,class_2
-0.08396509372243494,0.1995282455286085,-0.4144730658358585,-0.7292869363736615,class_2
0.08089959980844257,-0.08673459855646155,0.6700792422021898,0.34020997686833787,class_2
-1.0596086881905245,-0.41459037671730764,-1.2348130869114786,0.37884260345839443,class_3
0.716378242401665,0.2597529649268801,-1.0450437095863023,-1.6550953431851838,class_2
-0.18942183278502148,0.08771731133678881,-0.33683196764059287,-0.2738505055462372,class_2
-0.469041424936022,-0.193497624746568,0.40982845732869266,0.31604787064428624,class_2
2.0465155263174015,2.0626420158341077,-2.180210064489474,-0.3644382522644612,class_2
-0.04082621645571874,0.04985754195089994,1.1876343927211208,1.0455322747896802,class_2
0.4880030582830917,0.4873802456238333,-0.5279176373243135,0.48516111254573785,class_3
-1.1126383385811343,-0.8096952368916567,0.8056786392425009,-0.5577713459894236,class_1
0.9078246270848321,0.9534072696512816,0.6985663453715051,0.973894128217401,class_1
0.6216931865483301,0.8643488073754974,-0.5376625769030224,-0.85920601857557,class_3
,0.8857970750507644,-1.2417555288783926,0.4375122486198699,class_2
-0.4360238748744772,0.22228105203388743,-1.3773156555203674,2.4451301450589167,class_3
-0.2454922590165477,-0.046604379636201336,0.11834791338820451,0.41117191801596314,class_3
-0.10338163637910999,0.4029690575945281,-0.4564711442247224,1.4540501814574582,class_1
0.5263049833201223,0.7297977773345039,-1.0719625522902192,-0.06025184640128695,class_1
-1.159298620621393,-1.6577704802802442,-0.19688569870390954,-0.07735617982085408,class_2
0.17277593235014502,0.27419773543983067,-0.9128779867188273,-1.5927942597215277,class_1
-1.6065579094849534,-0.9646721658098928,-0.5865850850709007,2.809210861229503,class_2
-0.2514254763948086,-0.2237355831075795,0.4325944517261522,-0.15124764674637586,class_1
0.23756464505330008,-0.45276553187095087,-1.3981096597988507,-0.4083331628266692,class_2
,-0.6348024374596646,-0.5960888996561666,-0.2767000900857134,class_3
-1.049011559638448,-0.5005966778064102,-0.6560549366409674,0.1803639430263982,class_2
-1.8169103308076782,,0.9736635113440901,0.4945566553228533,class_2
-1.2176841993433292,-0.9852849258974695,0.5983470470748828,0.6140991771126236,class_3
1.2472303037164865,0.8918746244077029,-1.355813971126554,0.7007231568595857,class_3
-1.209809824133224,-1.3313063020672529,,0.8402201626941975,class_1
1.1054108350777374,1.1407356629160792,0.1020312972405742,-0.24043719707034283,class_3
-0.8839112968628523,-1.3260387989703764,0.35203447180292424,-0.36127042500344553,class_3
-0.3861819414093816,-0.4916480383920592,-0.7498133382845175,0.003108550185636745,class_2
0.20152550778590528,0.15749911713120116,1.7713412422676835,-0.2701551293370962,class_3
0.29654552875554413,0.17889551672393192,-0.8942073519794773,-2.0974509576101417,class_2
0.38038160588362985,0.9565913912224896,-0.16493777539621862,1.381707593377797,class_1
-0.06099110548959104,-0.05929337015253574,-0.08879644771250095,0.037227836421576635,class_1
-1.5538174513975758,-1.7967308317248802,-2.001545744438679,-2.3196107267512183,class_2
0.07175997037662685,-0.10008002587885659,0.4730871980274752,0.6901044247640123,class_1
-1.2084977077537564,-0.7779841535266543,0.18405783127156553,1.030195403152731,class_3
-0.2904755773048665,-0.24100788504697834,0.6978168390000047,-0.5614830267828836,class_2
0.31569789643326335,-0.31830973858717215,-2.4508721285400865,1.4729535721895743,class_3
1.4940613931325122,0.8199648706026239,-0.2546081697660301,-0.3632606475688056,class_2
0.5573315264994799,1.3630950211145785,2.457424092075892,-0.8608416785235702,class_3
0.8279946209673587,-0.02534724181393368,-1.1492039971882941,-0.3635832903067989,class_2
0.47173761963608035,-0.24389619165471635,-0.08485053166200977,-0.9978519832440257,class_1
0.6493312662700166,0.8360304019594428,0.3662095977839374,0.14862709530283086,class_3
1.1455421246003656,1.428564788032504,-0.8002116966018503,0.8546857301355617,class_2
-0.07132851706698275,0.09206711568667401,-0.31619770458118795,-1.3763874990779479,class_2
-0.8227310075962669,-0.37215849319843286,1.5317788906010528,-0.14098789744441861,class_1
-0.18822219458953332,0.688533172648944,1.9337934851881868,0.7501218121369445,class_2
1.4335450662799674,0.9602673924853934,1.484918786733851,-0.9265331111571506,class_3
1.3119502435399095,1.2661570442090064,0.42022670947458574,-0.4861941306990469,class_2
0.8307553132854667,0.43742664997606784,-0.7123370644127087,-0.674212461724509,class_3
-2.1144995960187134,-2.333221689014193,0.8867590544047386,0.2975110711855549,class_3
0.4893803906233605,-0.12688409270807094,-2.651708334919202,-0.713553981370355,class_3
1.4685036944366647,2.0610418876910126,-1.1953589742981028,-2.2497837779516074,class_1
-0.13167445426057223,0.21829649187772915,0.4109825769008753,1.290563762321174,class_1
1.007028028356575,0.7491435194614298,0.7287142340743459,0.5239509541926708,class_3
-0.2943138382465151,-0.7964311457562776,-0.5495526211300829,0.5661877585748329,class_1
1.3313596959702527,,0.3270098687893148,0.08650554192146179,class_3
-0.37292312960164586,0.321098758703239,0.6181907146653008,0.5705370361384854,class_1
-1.1259169995055534,-1.363376911233914,1.6835862095380225,-1.001291432756544,class_3
-0.61420273583058,-1.422629348064511,-0.4121493784569676,0.06798662605108885,class_1
-0.17194474911892682,0.5063855487082514,0.9672992358427723,-1.559383235305609,class_2
0.9172662103199575,0.6361992944386625,-0.7253915220079754,0.30197074251927114,class_1
-0.6470535996381547,-0.8627145203057448,1.7396480419310116,-0.03853826184341251,class_2
-0.8740450795475169,-1.0740200632373802,0.7957780097442332,0.09741341295778198,class_1
-0.09974195203891044,0.19634991155552498,-0.8360571148457872,-0.11549887929893475,class_1
-0.9578676828689152,-0.3097009831888557,1.5369656539176446,0.5935546949055667,class_3
0.3602284708169563,0.37067328571058467,-0.6236006892582127,0.37305231843417824,class_1
0.6333162490490543,0.5358106587457546,0.3636981503429628,1.620070309136051,class_1
-1.3413504078222127,-0.9854405413835257,-2.0141025948652898,-2.1706154097954116,class_3
-0.05374213713187442,-0.06413256849807306,-1.3263961033185487,0.25044630026076065,class_2
-1.854603980228963,-2.0509548579853067,0.1697065451428121,0.8241996197958629,class_3
0.19552627368225,0.5736378145609009,0.2576404209211606,-2.1291978892000176,class_2
1.7515828441391303,1.319864665388522,-1.157464632233422,-0.661416892306816,class_1
-0.22069455994134524,0.11643967636956912,0.614270438357064,-2.0844021549884744,class_2
-0.03094072491995215,0.520429781928967,-0.9964186260023896,-2.4807085099845416,class_1
2.5277465058295707,2.8875612832338104,-1.180000778467259,-0.34752341219351923,class_2
0.24742710511755628,1.068612265053148,0.5654604191690931,0.40395402073561154,class_1
-0.0683812259922922,0.46398790378021987,-1.485055479127436,0.37604436962261134,class_3
1.0907238976709321,0.39178077024089963,-0.022247794849210738,-0.5607541640877456,class_2
0.13231085385611077,-0.5782657387013821,0.2929338234972916,0.9674662729250108,class_3
0.3609993596610002,-0.11965061369957725,-1.8779887659659078,0.7420289029794906,class_1
-1.270144703689385,-0.43855334495866083,0.41197158212675383,0.27009543419728654,class_1
-0.4088806045999145,-0.5044969097578423,2.710745527218326,0.6578880104331793,class_1
0.8954570629444466,0.659902778707013,0.4389910293888949,0.4277963982471327,class_1
1.1700001323539224,0.8425121540050416,0.3268434703880229,2.309844422090078,class_2
-1.01846646540028,-0.7670103926993119,-0.25288144631783127,-0.1091451515613345,class_1
1.15493058438945,1.3634115728424736,1.9129548077317522,0.3526272039171724,class_2
0.42347398174680884,0.3098984193742623,-0.41033997334510935,-0.507105280428242,class_1
0.17549118675904318,0.5609893286249986,-1.7332091032089831,0.9163114410745667,class_2
0.0729817093566276,0.6671635858553089,-1.1269879102008638,0.37694778569537224,class_2
-1.3994918861980685,-1.0286976709018425,-1.5147547757935393,0.9595905257500736,class_3
-0.4761163176256394,-0.31309153810133383,-0.02429738377081549,-1.6052712471325676,class_3
-0.8715046579683614,-0.21248560886915543,0.2912314168473797,0.17726136694885572,class_2
-1.1581729489507977,-1.2318071269814905,-0.317438554837682,-2.8670549537827434,class_2
1.9506984056414114,1.4647704863992095,1.2487577724105066,0.09418305823231217,class_3
-0.6582383362340531,0.0024721828718780176,-0.6719120236796768,-0.9158234772964378,class_2
0.11239308298272262,0.9452468155768406,-1.871218116060987,0.46221248901062467,class_1
-0.27214773764182354,-0.9026381534672712,0.5755465099998948,-0.18249984265026167,class_3
-1.0426508569695268,-1.2625259322859836,-0.2040695150484347,-0.3239847754964302,class_3
0.42021366601997173,0.7116842956972401,0.25590685010422287,0.6946706116284086,class_3
-0.4900111939245213,0.5071551998729851,-0.41884874392503835,0.513199811077181,class_2
1.7187780333682876,1.3376810298154629,1.3679074507209708,1.2609373235629844,class_2
-2.1790930935466903,-2.1665611905330753,0.9711390068229115,0.9954902829453182,class_1
-0.1015889069645135,0.5250406450585882,0.3905305963195172,-0.20940882703960811,class_3
-0.3826988079748571,0.029252329317827994,0.8244270623849798,-0.9114436231372903,class_3
-0.4303548861585298,-0.8458114717715075,-0.2709281301578081,0.7454989065249826,class_2
0.8648699971904158,0.827550566803554,0.23694861154594976,-1.635463248457858,class_3
0.17821937818130182,0.679474555877827,-1.247317469694169,-2.95561882434507,class_3
0.32609296806714644,0.9695016196985194,-1.3906854299752562,0.3605916776568414,class_1
-0.19870551662075378,0.4794671131241514,2.325779791881685,0.2900403964835352,class_3
0.18478649186719304,0.41281992090751546,-0.3255450115195318,-0.5932201848703592,class_1
0.12809790783719482,0.07702169149356725,1.4671812507090423,-0.39524414500347166,class_3
-2.321261248626247,-2.161463144853858,1.7853183942247275,0.09074256375217302,class_2
-1.0413712434696694,-0.8357844904546745,-0.8537592225874118,-0.7246110515177244,class_2
-0.659359497921776,-1.2676855327189245,-1.2863933350836971,0.040256502000462865,class_2
1.1394330327487776,1.6425679700711966,0.10948535944708751,-1.767622112939381,class_2
0.04947905392691571,-0.023326870700938074,-0.19076046033454871,-2.2604147573378524,class_2
-2.4243671318721858,-1.6614866212126094,-0.3906776025991957,-1.4571379129195563,class_1
-0.5123622533897528,-0.36480701715485797,0.11458443702387822,0.5633130735164247,class_1
-0.4509072093120035,-1.0649328251256749,0.8780585789081998,-0.8094863188927663,class_3
-0.3149809282894376,-0.32512609183272645,-0.6162930881921079,0.17874096328632716,class_3
0.8536364474495389,0.3599177204338858,-0.35361474161364437,-1.0717013268617444,class_1
-0.050437298766081266,-0.578810800742468,0.7119770229910514,-1.1500854941523635,class_1
0.47810093099956164,0.6258110851362431,1.3251467288748389,-0.624603408215179,class_1
0.21601754677952503,0.19672761906939504,-2.107192347329688,0.4987194410697233,class_3
-2.069501220917996,-1.8243707574626429,,0.13234650640267256,class_1
-0.9199505742662344,-0.8259054498772701,-1.6823264817910268,-1.9974666928898597,class_1
1.129349706035634,0.2642012601121911,-0.3151743898852239,1.3120252622199142,class_3
1.2780310588279271,1.1937831159389003,-0.23412553728291255,-2.7496760196305754,class_2
0.451815083648777,0.37561506420812124,1.1985198365166936,1.0788790390297387,class_2
2.011459958352661,2.1498240748599255,0.5553602285085755,0.6172815804922585,class_1
-0.7420935594575763,-1.1711626945625968,2.008755386185139,-1.16482809646104,class_3
-1.0693225162869726,-0.39118184168152925,-0.9302646872700508,-1.6873476944133516,class_3
0.27776304909957583,0.230824334777693,0.2369553887192461,0.8399226051327979,class_2
-1.1497069186362618,-1.5089268082077005,-1.7807381075634705,-0.23665882465190033,class_3
-0.37526733118249533,,-1.5670582502354382,0.39550910636250813,class_3
0.7074998869511125,0.4264837843807074,-1.3759135886015514,-0.365469594114225,class_2
0.7427658653413057,0.6775574461179101,0.8091213109902438,0.7715332597619193,class_1
0.6385525759836931,0.12567367708288843,-0.8165751074555749,0.1399243120391134,class_2
0.88017665715584,0.9526518952494857,-1.163473799792271,-0.6348131639714567,class_3
-0.6620597213652513,-0.7604179991454516,0.02512871121603335,-1.5870983007982418,class_2
-0.05058266385803349,-0.6151403211206175,-1.4535992799316308,-0.012938768103588062,class_1
-0.10598536741805101,0.04862825939491674,-2.214187371043003,1.0287809197455093,class_1
-1.002289077583212,-1.3167111291363687,0.5502024960264408,-0.1530258762062131,class_1
-0.0944650622328567,0.32715262144749735,-2.344343308418874,-1.6209135183081516,class_3
1.2753331093520852,0.6447754888899364,,-0.4555278450034305,class_1
0.06824536449281556,0.27062669794654526,0.37797099799469847,-0.7295771941356465,class_2
-0.07400432783910625,-0.5514467758270214,,0.2386007909284437,class_2
0.37145990111120764,-0.2643721324633204,1.2645398093380364,1.1326898205195888,class_2
0.26078428404202875,0.3481085664183193,0.5080791051990653,1.3581210958672605,class_2
0.26860536381477196,0.15574022396930526,0.2882190630903242,-0.38380092570774543,class_2
-0.07748723900175447,0.160488251562905,-0.6780715284934992,0.07859870611503737,class_3
-2.670470654459175,-3.0104379972538666,0.3240125241899799,-1.7769866393260751,class_3
-0.8256336790314437,-0.2999311564171057,0.7618547740424635,0.04655747332786092,class_1
-0.5431848515595706,0.1680870390626246,-2.3442978937886774,1.1320522884141782,class_3
-0.17979957320871595,-0.5513311589945125,-1.2198757448415216,1.0778433557451819,class_1
-0.3847480162529881,0.1002619082407177,0.2830685880099896,-0.017037889337463016,class_2
1.7660909480591627,1.6749569292479798,0.008281909957927018,0.9738190717173091,class_3
1.2888804561731446,1.5788510732398489,-2.414107851031037,0.503048668376865,class_3
1.1928081919416333,1.71584155186729,-0.11916883732792043,0.053457912617474034,class_3
-0.11049372073080983,0.45875675893390483,-0.506602695971203,-0.6941385611456656,class_2
-0.17228617590211182,-0.8731490773679929,-0.23644641996451343,-0.3856299815231613,class_3
-0.407398476814873,-0.3498771519779235,0.7517964658354561,-1.7598157076954657,class_3
-2.728622184378448,-1.924403475905291,-0.10266209104063294,-1.1001355537243058,class_2
-1.1616700505311734,-1.160775911160096,0.22396742837344774,-0.6962120515798997,class_2
0.0825187888920658,-0.6321519596526814,,-0.6986804359848298,class_3
0.22943430819502722,-0.492838407498805,-0.227419412643884,0.45002067342183205,class_1
-0.9007575096857382,-1.0262458444150833,-0.7260150977009768,0.3645250379928023,class_2
1.1879883607227952,1.73735484896958,-0.5378113463571395,,class_3
0.567868043286815,0.6787535634708263,,0.6402136593287587,class_3
0.4894432944220878,-0.21381271828676074,-0.5348113382185579,0.8730566000927434,class_2
1.2552311051462601,1.438683495595597,-1.2490599706780527,-0.5318774939427574,class_3
0.4084408885161286,0.4995084145300241,-1.737714595137132,2.3746065500264315,class_2
1.6193614617866285,0.5794237683564175,0.14141947334054417,-0.4934013403826786,class_2
-0.2889243484718265,-0.17273474269069633,-0.45343829836859284,1.9029074622741677,class_2
-0.4900999664833931,-1.5078402260019417,-0.5809601885314832,-0.16395350002699655,class_1
-0.6530683568782727,-0.5964525868965188,-1.0126838513881617,-0.11316840972889723,class_3
0.8681726452504771,0.2696298349284366,0.6062911561087082,-0.5284261311155256,class_1
-1.4507805114543066,-0.5908128300528324,-0.6627014083552638,-1.3976861631184037,class_2
-0.9804606158980744,-1.21715838717589,-0.9405302155012165,0.09760399249544019,class_2
-0.0645255824408508,-0.07831430192274194,-0.09087092962596285,0.03752323233959842,class_2
0.004430854837058142,0.4134631665512634,-0.5165107421608328,-1.4419787356400129,class_3
1.3087885863721418,1.3585860122637348,-0.819753928770844,-0.18955551153927852,class_3
0.6721208743204454,0.0854646639649911,0.5065831541902538,1.477393664974669,class_2
-0.7244042049265664,-0.5840600726081866,-0.5769963713775336,-0.774651856262063,class_3
0.6176967535733516,0.3408954403666641,-0.7745100615133954,0.8928558163229553,class_2
0.4991480856819362,0.7803543369844469,1.099191555547813,-0.5656387483550389,class_1
-1.6823934016525173,-1.6509010105285107,-1.0307170319323398,2.2676442038992546,class_3
1.3828052755941147,0.9100312433304311,-0.6300825102556694,-0.7776059277482671,class_3
0.8369475796545852,1.2135582049179718,-1.216718418386407,-0.14428437852025486,class_2
0.8784118645523686,0.9106191331335218,-0.45138445096439517,2.809568970096392,class_3
1.1961500060787216,1.3289348201916187,1.1195006808029162,1.7060917581276394,class_2
0.9857081689637925,1.6396933242400022,-1.121431046017255,0.21066687772462028,class_1
-0.5688069657834638,-1.0086039614716786,-2.4363756632473224,0.09543903848773612,class_2
-0.31436170139816333,-1.026331560213247,1.1091698114921316,1.2128836917231558,class_2
-0.2921493285004364,-0.295684335241186,-1.6583355655822452,1.0155152164829295,class_2
-0.194080242493372,-0.33973686534698516,-1.8521618554012016,,class_1
0.4180784006141409,0.21995734271284584,-0.5634714254250696,-0.1480724045477542,class_2
0.13030118189737067,-0.052899388250788215,-0.3044267628566672,0.4424546049697111,class_3
-0.08988966943339527,-0.09014149412236933,0.4770351272264581,-1.9209159258951816,class_1
0.4026742068729477,-0.48005113498627566,-1.9528155300482481,0.960734307594464,class_1
-0.16353622168574863,-0.3702057325514973,0.17017694319193222,-0.007116855128515773,class_2
-0.5892088471575697,-0.7058548798493943,0.48398229395152703,0.93263884299112,class_1
1.9101938579148445,2.198449142847943,1.2217286662175928,,class_3
0.5088074742009734,1.2059312931029558,0.8605297079614455,0.6737943936677578,class_3
0.8410890432567231,0.866763607722491,0.7472720511434552,-0.22645458454413847,class_2
1.0693671337278443,1.1087053368666215,0.5786616338151667,0.414616285026703,class_2
-0.012624017685849477,-0.4154258076027042,1.4782789357160593,-0.25870590168573016,class_1
0.907272288511063,0.23762664930791477,0.8789540277008926,,class_2
1.5271800777542641,1.0270585123728064,0.03269522525327079,-2.037728507734718,class_1
0.3230968512790482,0.4265293162446112,-0.6415427207828466,0.661378189891708,class_3
0.44647958070305477,0.1370374245892318,0.4751280673480088,0.6721143150964368,class_3
0.47675160794051663,-0.14798881668338698,0.393376870254097,1.0437433977204944,class_2
-0.8680129032543055,-0.41002197894166487,1.412513069961006,-1.0846106224362382,class_3
-0.43426797970159525,-0.1308228437631498,-0.20903225602742,0.1572328434361934,class_2
0.4870136186818857,0.23576609437640297,0.8719343665194511,0.23556987063989387,class_3
1.0094320119578744,0.19174877073285437,-1.0644727461261723,-1.194365480724459,class_1
-0.3477455659728467,-1.0749526567182215,1.4253289434703056,1.8089145420827708,class_1
-0.7291852764608538,-0.6838166062456125,-0.456809980738664,1.4221063499235564,class_2
1.9124123161824655,2.001691810330372,-1.0635597294347174,0.2667361679766415,class_2
1.6967967222493816,1.346548040368581,1.0245126754266898,0.5428582244775959,class_1
1.2381834159332052,0.9780867014621618,-0.26641353407517704,-2.156023042549981,class_3
1.7522885966334592,1.2712048507591303,-0.44997038186464916,0.45301875631217164,class_1
0.5696050299440607,0.5114556074726222,0.6029369437552222,1.0713045389296156,class_1
-0.6363712038387516,-0.5704866547244637,0.03237010072703053,-1.160911956386739,class_1
0.3439406065095727,0.5719393582944636,-0.7804334546444512,0.43545833595741784,class_3
0.14358596330764087,-1.2193567540065249,1.1903057035101177,-2.917159880697066,class_1
0.928299468287473,0.27260116339563045,-0.31728672525244067,1.025348034257755,class_3
0.8135929360104625,1.3184931055591418,-1.9215045305486382,1.0269057463206197,class_2
0.28116516024031935,-0.17375139477382145,-0.5831150723026911,-1.1923953304424335,class_1
-0.7540459476866537,-0.93453783012513,-1.7191611338760466,0.7324278097628383,class_3
0.48261278026980653,1.2000458461816699,-1.350099118126421,1.2935099684593703,class_1
0.21169911988384105,-0.1467957241167261,-0.6772741840092779,-1.1619344063800876,class_1
1.7298890491136267,0.7547996373972088,-1.2279155506918433,0.09482685973037566,class_1
0.5733444336378524,0.16678126214614764,-0.7521608680675204,-1.8028561964178826,class_1
0.7942897628106614,0.9040230139749161,0.05641156716957076,2.0009631015901537,class_3
1.9605105163104808,1.5023272574729913,0.21530262994151197,-0.6539631336369219,class_2
-0.7540250482621669,-1.016115309324283,-0.2863661358651756,-1.2026965859010301,class_2
-0.10735967368500997,-0.21296026103477791,-0.27089362707093734,-0.640490071855426,class_3
0.7356073245979,0.6959779635297945,0.23838837483742528,0.48509386849711267,class_3
0.48813848343565214,0.35097928661692906,-0.23583424381418136,0.796544030519997,class_2
-0.27418445370900274,0.0701060154547091,-1.340356208021204,1.6965866829708507,class_1
1.7359653928937573,1.9545046007284401,1.5750828276087308,0.21727315822862395,class_1
-0.1099417960752353,-0.2226677140436124,0.03104720048855424,-0.5604494688030756,class_1
0.9376301876070097,0.5945202838604842,0.19838116062643954,-0.28987561547486984,class_3
0.6639283206701485,0.9078042973642029,0.3907250260888961,-1.3602434375921744,class_3
-0.31345098116736664,-0.13813836039271765,0.08786763708072752,0.9651704927286658,class_3
-0.7912436663415202,0.1989554859524177,-0.5308218281296473,-0.09154001941820787,class_2
0.3841909661533955,,0.43400982345010697,-0.6658777111204364,class_3
1.6176331759104423,1.120809686466313,-0.09419457535083331,1.1226782545637386,class_1
-1.55607359222455,-0.7612932643720651,-1.2645419919479142,0.625675571596154,class_3
-0.6777363137674782,-0.6064961791058493,1.5902188056217794,-0.010196115625046132,class_3
-0.07919966756057059,0.13394365908233546,0.5818504393070786,-0.660300116021989,class_2
0.0012990525253042274,-0.02991591341691273,0.12992985416607386,-0.789986353867603,class_2
1.881509909110447,0.7179100806468532,0.5651533788097695,-1.4718123513241856,class_3
-0.08986657021470885,-0.3105522622953389,1.3082466068799101,-0.4780830577538245,class_1
-0.8075473581403527,-0.47802404385188035,0.11374815348614345,-0.3969138412377916,class_1
0.3849705818386051,0.5167165061676907,-0.9936978771064832,0.996554884498404,class_3
-0.7285677422162089,-1.0699881842567425,1.9164448767354103,0.6600374917903349,class_1
1.2328894595109448,1.4555673652274426,0.660442566548437,-0.9943351084951194,class_2
0.17418485032248868,-0.37351977671658615,0.7668672933290608,-1.12295704910713,class_3
-1.2599912664993766,-0.9992173805865997,0.3664511465715505,2.857438423139865,class_2
0.724759085963792,0.2360014756872266,-0.6027193630302223,-1.8102133210868163,class_3
1.3254648781849274,1.4952663262779866,0.272862518025773,1.7223599419956492,class_1
0.3084285437113278,0.2939669445915315,0.9645506822393334,-0.17287108244343635,class_2
-0.2026608961170706,-0.8318520386757026,-0.3421528907320472,-0.19600429784501586,class_3
2.215258756651632,1.6400839186546001,0.05649669199323269,-0.2615619010664018,class_1
0.23823003660401246,-0.17102615269249002,-2.156008006059379,0.053752562990502024,class_1
-0.4323818028125472,-0.3615216804486017,-1.1536749163997606,0.3870587293957439,class_3
-0.891876611378242,-1.1011619810688134,-0.09528578701393456,0.7770729589908982,class_3
0.4726701117893052,0.7541481403803475,0.19510397314288802,0.4678197829096571,class_2
-0.3039964246405126,0.04692703744898485,0.09459253295770016,0.8187639503474419,class_1
-1.1939085402374272,-0.5036375504706596,-1.808144046870746,-0.8045266302248135,class_1
-0.4227563252875604,-0.07756364772286353,-0.7138194972187111,-1.7144858954961215,class_3
0.5067757807336148,0.038414730478419944,1.4008818603129667,-0.5120614193191271,class_3
0.6669579868710717,0.888929339859949,0.39045493205388226,0.21138647504826755,class_2
-0.8302040295353498,-0.9461259343805288,0.48938393893840915,0.19857862068151685,class_1
-0.2338558992496385,0.11163440576629369,0.21509813581903608,0.10753418005363442,class_2
-0.5562208326476147,-0.5259573260173847,-0.8091259849410398,0.0442170029001831,class_1
0.14442751249580568,-0.08981079502062347,2.206525307140402,0.19318157981319836,class_3
-0.934354483082104,0.111161638384908,0.09800191409938289,1.0684620672442982,class_1
0.4470704434316958,0.28986380272109313,-0.798805744892982,0.32408922232004705,class_1
-0.5241774024677204,0.038915876450654904,0.3190948340235742,0.8463040623077297,class_3
,0.1807149535679793,2.7039851072793866,-0.33216852983900536,class_1
0.4918405918199153,0.9106871408877089,-0.9426799145313405,-0.6942637622480688,class_2
0.19158437885677135,0.5187177286929586,-0.06350867443826871,0.12736247565648562,class_3
0.6909254723723748,0.9596826348320984,0.22429730718159427,-1.0755722861430155,class_3
-0.15778004699744763,-0.4904447667558183,0.6774848420913938,-0.8094537290973276,class_2
0.366695628945343,0.6499703537753078,1.3011583486520308,-0.9439535247220022,class_3
-0.20748002554535028,-0.9718691769973956,2.8126492482387233,1.2472114211424503,class_1
0.9606354075889268,0.4787255289775488,-0.8508196223826928,-0.6161750841745238,class_1
0.28050558291025013,0.30362577511765326,0.3350423675374132,-1.216603715289405,class_3
-0.3853519703265279,-0.5523455235553528,0.6030068534266765,0.5077284516382525,class_2
-1.8432968214788372,-2.291572882784899,-1.862484752624795,0.23443111648209775,class_2
1.8011756393490388,1.5916892987668447,-0.12180522405333363,0.01733462915130733,class_1
,-2.1682026871260383,0.7260983614463344,0.5489828740769108,class_2
1.3889298627956972,0.5587620924982789,0.17300713965222583,0.03680549909695475,class_1
0.3576211724892933,-0.006138078361457359,-0.21514916577112894,0.014072082873504806,class_3
0.39063833691717,0.661109355077719,0.09080002361004777,-0.17685919357279603,class_3
-1.1513510982728001,-0.9556255309205667,-0.45615619611535785,-0.2943477235272498,class_2
-0.8144199189415701,-0.3763360364241541,0.7903934769661722,-0.4342004332588856,class_3
-1.2620879679581256,-1.2558724997915218,-0.8664161386594389,1.7783209067198225,class_2
0.3211896234390211,-0.34317390136406667,-0.6492629196101362,-0.0980735685325076,class_3
0.08722078358978032,-0.2678862836768847,0.085993480747625,-0.7683556595479125,class_3
0.9422829880483923,1.2013457612511298,0.15092152680649595,0.2342983603768977,class_2
-1.8895664215769796,-2.371466497831448,0.4850817670641296,0.2772895312108468,class_3
1.4877552072224303,1.0208892255200732,-0.9234797799333037,1.5828294467733337,class_3
0.10630299925610327,-0.030085170415777282,-0.9025065064432917,-0.09019241337738836,class_3
-1.4090175703927108,-0.9874768880947898,-1.3936724843661716,-0.8059936088317976,class_1
-0.3133288314613892,-0.6463345199875257,-1.582167016126918,-0.6205186206486616,class_2
0.07221850962283193,0.03442006952085545,-1.036581974869657,1.165672089883819,class_3
-0.39364562935044484,-0.9224536012478682,1.0337861679388998,-2.3812673401219207,class_1
-0.4467796164268056,-0.20039874319881693,1.084586391463845,0.24668314961074406,class_2
2.3606949800370924,2.2734973241152896,0.13820512935328008,-0.7847792471559913,class_2
-0.4176040222386728,-0.513430689724002,0.6084517364296791,0.7893665556697054,class_1
2.043418132118134,1.5557552956019838,0.4163681481389552,-0.4554812488548173,class_2
0.06979150795999486,-1.3003725018739523,0.12686697629584257,0.9083932972673044,class_3
1.6893943549857529,0.8020585301833587,-0.546537793028378,1.8861891585560817,class_1
-1.2659000683571398,-1.142040383407382,1.1049404889577255,0.013355591543672855,class_3
-0.9561970892592527,0.06230077014060238,0.697488311921,0.3630092477145166,class_2
,-0.691177047161322,0.4466615152789034,-1.580339317845535,class_3
-1.379697249064896,-0.9647982348638423,1.1649444451881277,-0.42660498305909955,class_3
-2.4389295405015017,-2.575830140814303,-0.5074005764004252,-0.7500017362485115,class_1
0.575011205272634,0.3806076906669716,-2.762675505673743,-0.890020749763603,class_2
-0.3629966273979617,-0.3570147821005666,1.9353811835291097,-0.4932218455059107,class_3
-1.3207797790790918,-1.1958991597314674,0.826407309893258,0.26142041272996835,class_2
-1.416040765153749,-1.2522116967460648,0.4961207080887857,0.05593935013240072,class_3
0.34144850163994966,0.22052331295325298,2.234386246197682,0.4049823189246768,class_3
-0.41146367519812244,-0.4062239339034655,1.1402532809442802,1.2577789508694428,class_2
1.9943519960423994,2.6517279102508793,-2.2194742586230527,0.5167028186484662,class_3
0.1819685276536006,-0.5123339215214717,,0.999674019871989,class_3
-0.2730827735511927,-0.23522109779506203,-0.4915408261571657,-0.03360343995614198,class_1
-2.8860728760314567,-2.5086528243848214,1.049498605863319,0.8345255473690577,class_1
-1.3998321844042252,-1.4841704670072757,-2.0547613076752937,-0.1900716729007449,class_3
-0.6364976857542665,-0.9458665197804127,-0.17636595048933035,-0.9698003951150737,class_1
-1.6029913008643895,-1.325002742656064,0.651540620643959,0.7494570154065637,class_3
0.5252093697468853,-0.4525972089221989,-1.1851845805323176,0.1975562825275035,class_3
-0.49764236127497,0.2050803787730864,1.2092645684253776,0.3239902562721444,class_3
-1.6376512492461646,-1.4228392217431116,-0.3522650349497693,-0.9980235932938778,class_1
-2.3810833965148945,-2.5545074424076706,1.1193971619983802,1.480099203713916,class_1
0.9141525059379091,0.8075205281181177,-1.10066126423436,0.7889078833832395,class_1
0.6573045070180874,-0.4335610941699451,-0.35469730295967755,1.592912089122808,class_2
-0.47228406340539275,-0.511059584415747,0.042631024437746814,-0.6990218531039264,class_3
0.38238155109205596,0.15116576062559228,-1.5328648783527072,0.7903405817847039,class_3
-0.8162112057450187,-0.5172241668964651,-1.6088067092699718,-0.6140847753443682,class_1
-1.2525168736349772,-0.9367976048996047,-1.9608455984695325,-0.04499520764300634,class_1
1.8772065301588094,1.3585106329688612,-0.8874638247421598,0.3087992768481657,class_1
0.29908255067207107,0.5623586604052806,-0.6442082503864482,-0.18329755642725984,class_3
0.5907531827499223,0.27879611632108015,0.28117316564347944,0.980190871671822,class_3
0.9233019822310016,0.7647256103052101,0.2907331778668224,-1.6474962990474387,class_2
1.95979797509938,2.6644624164427366,-0.901034029254952,-0.5357148727694001,class_3
1.3562818295406702,1.9630447594320046,1.1099696431056998,-1.4413507997340538,class_3
1.2464748830545922,0.20576421577545742,0.6162353965533128,-0.6320858228089109,class_1
1.911499417571573,1.7166349981750109,1.549890566129126,-0.28073340085071186,class_3
0.030606224780922363,-0.22736825495439547,2.106884733278146,1.133789272564012,class_2
-0.21336370424802853,0.24618452098204213,-1.5221992751914284,1.8220552213428425,class_3
1.206749113445118,0.7783133009648509,-0.24261904740027426,0.10247236710315673,class_3
0.9872191278342689,0.929199333939825,0.9955393281626821,0.2764143642537545,class_3
-0.23373812702962382,0.09706241922210246,-0.9716187730129598,0.5711740662910472,class_1
-0.6961666617094697,-0.9010270712665716,-0.3761041905595823,2.60362629875041,class_3
-0.6593453056799707,-0.8396451360012456,-0.535087153376712,0.8191041689121383,class_1
-0.5474626511873478,-0.5073955475617187,-0.4105339880150149,-0.8275842407346614,class_3
-0.5421567318127402,-1.399285176387673,-1.842384462030672,-0.6045986161795408,class_2
1.49336569968945,0.9616823315805222,-0.15461075861990903,-1.3131677181999373,class_3
0.3892398482348146,0.9806817653995383,-0.4405078608479934,-0.7740858849820498,class_1
-0.5483129350939389,-0.7420604691503188,-0.4610262805808381,0.016129415276003874,class_3
-0.3276050889282743,-0.3112903990434784,-0.9076175061006004,0.5841690733522902,class_3
2.042803061071869,1.917552563457736,0.762149241958686,0.21171378417059702,class_1
-1.7625208484349417,-1.7785421621992983,0.21744041530326128,-0.8812384474360504,class_3
-0.09185126546651957,0.2873674130335081,0.10710503000947168,-0.11432216800474763,class_1
-1.18593131601461,-1.4997710352576035,0.8153160721716332,-0.0022502445041573905,class_3
-1.2408753550698703,-0.25224669993165766,1.0906599360881322,-0.7619915238269903,class_3
-0.15646299911907116,0.39444830889344173,-0.548072933244823,-2.1925434908074086,class_1
-0.6473996522115808,-0.4307454877929733,1.008668355954839,0.24891359867502955,class_3
-1.267120940425528,-1.106662453690507,1.5217004527369589,0.9194236766469855,class_1
-1.263982568084017,-0.5006928749292683,-0.6014608115590059,-0.3071270730857854,class_1
-0.07958136511786516,-0.3418791381827806,0.12374001441139017,0.804880565862379,class_3
0.37199223315118696,-0.3934018322135457,0.555240074279424,1.4359940177677142,class_2
0.6123936198865462,-0.19280492946495736,-0.21379686184995605,1.782293792704712,class_3
-1.7620642864954785,-1.9281673476811947,-0.0700128588128004,0.6823925098127926,class_1
-1.1761847184346519,-0.9337076152427799,1.1482564245159883,-0.5419834002261925,class_2
-0.47229867964060424,-0.004674201882810066,-0.17496803671417813,0.14551480533559535,class_3
0.7022826810689679,0.9845810433812587,0.6144401228924746,-1.6219251268302093,class_3
-0.6441676607557636,-0.2919946891334821,-0.32054037833754784,,class_1
-0.40742420322862105,0.4962333416708709,-0.3118913122553999,-0.4871135608151781,class_3
1.7152472166781145,1.666843796293734,-1.6791104276237172,0.49978810429579884,class_3
0.5076268861153614,0.33766869789555276,0.389037590433763,-2.085028296679878,class_3
1.7128513183960752,2.3792551832565345,1.435006177988935,0.8395680907742521,class_3
-0.7260598666824795,0.026324945527576558,1.328156620895797,0.04605813857711549,class_2
-1.2031448998484822,-1.0065873046796334,0.2013448532149219,-0.9415376022298011,class_1
1.620702367092165,1.9068905206903939,2.272991825979389,0.4693606596207741,class_2
-1.5213603035860968,-1.3508505543667162,-0.07321832398382148,0.18291473012870507,class_2
0.48830437918682656,1.1020345325969982,1.2663045571693656,-0.9637751872343886,class_2
0.8900274359973336,1.041994450376914,-0.08695997560602091,0.9679988045538644,class_2
,-0.1332438351439484,0.08271820186318887,0.9943504681243184,class_1
-0.7842691604961775,0.1811124971395139,-0.8332625915372465,0.6241842724695326,class_3
-0.27396692557130037,-0.6418904553375944,-1.6081858112115415,0.7129974253450992,class_3
-1.4387084590498802,-0.97437108673763,-1.913779734828926,0.2868911182926047,class_2
0.4842401096878875,0.5757877227660095,-0.08783567860369966,1.411316985876712,class_3
-1.1051643993922222,-1.1930411644885215,-0.9928468078339396,-0.8974929708546623,class_2
-0.9904179152886995,-0.6220387178168864,-1.6680345998890966,-1.3308772526134907,class_2
0.7395349509177758,0.43588617047632944,-1.8568104019401659,-0.3922260129202831,class_1
-0.36322487851147367,0.37797625531347184,-0.7712301662346388,0.9303778576228922,class_3
0.6199387509962411,0.7145066060398773,1.5373575518978022,-0.6830918015851747,class_1
0.2101942333439851,0.8659000680409624,1.3530735775420593,-0.15513313118059344,class_3
1.0166415069841888,0.5755815211337848,0.09015682766757308,-0.042433810079108215,class_3
-0.21571336847790998,0.3242635197297808,1.1402094789367356,0.005322860451700487,class_1
0.4517257453632004,0.19002151507350795,0.6642923020556356,-0.21395314386081168,class_1
-0.3597802568715271,-0.7876906435447946,-0.9693985777386207,-0.08790648736921473,class_3
-1.2955657920415242,-1.5252709109749927,1.640354093898311,-0.1564214791432986,class_3
0.14053250228932712,-0.7081959438028067,-1.0573867446632792,2.3926767230182415,class_2
-1.1229976467892662,-1.3850282363542201,-0.020706364106233777,-0.8268091053930736,class_1
-0.36195451244051985,-0.1607909829401843,-0.1799400878833061,-0.9505362071857422,class_2
1.3022707788789445,0.6632850912327765,-0.3473828335985318,-0.7000840296458889,class_3
0.47254312831705686,0.3511798711788912,-0.39954894158842846,0.11879653990290184,class_2
-0.3016967207814893,0.3404922194704003,0.6910625658668772,-0.655743462432314,class_2
0.3708965632068751,0.5343474728912784,-0.23961715543464693,0.4851982314777071,class_1
-1.627649617335286,-1.424616598654617,-1.7734145388096807,0.5086595430180988,class_3
-1.0473324098859462,-1.3559614623549068,0.9956348061178324,-0.2215961699981027,class_3
1.5015388962888017,1.394310039515991,-1.7564767207463141,0.14116901883264016,class_2
-1.023489263306135,-1.4850281143367379,-1.2794967959138979,-1.9097629057462808,class_2
-0.15168220875174943,0.27511533886072576,1.3991363816960873,-0.36571678564620924,class_1
-0.2899872407992204,-0.675477469176437,0.3932297769848273,0.14563031434388482,class_1
-1.1007348292096681,-0.5702757760617887,0.8353769939022309,-1.112044254359201,class_1
0.43432956832569464,-0.8453803505562069,0.4003099083096733,-0.17621305896197587,class_3
-0.45259034217594174,-0.1366193967452837,-0.05062811305699102,-0.11335399783980703,class_2
0.05776986472169259,0.08798159565321825,-0.14140267082537805,-1.140206856651158,class_3
0.1308209887073366,-0.35486842859225437,1.0393690449185533,0.16191936728506806,class_3
-0.211421840268432,-0.131081402237151,-1.7346114969371953,1.289929698618241,class_1
0.608469079854354,0.532643694666367,-0.904807503214422,-0.37071038447310495,class_2
-1.5035125608901347,-2.0857554011186474,-1.1696100024788274,-1.2644303611772136,class_1
-1.5936140750735526,-1.7737440823717214,-0.025639060347674214,-0.46233970552128695,class_3
0.6092330361528288,1.231786077912663,2.45824360573656,-0.2351506466144354,class_3
1.2285488292422369,0.4341330705440472,-0.8315227726663764,0.6475741030616857,class_2
-0.8886312609244769,-1.0987613884284455,1.0460522510478993,1.1600928466435507,class_1
0.25057289253332377,0.07453286367106102,0.3914960373481072,0.7497655536581233,class_2
1.8458648883505333,1.3102871236829243,1.0790096392361133,0.11387519414201226,class_2
-0.8175652821099135,-0.4276059836927035,0.7501482632323336,0.33154169513369264,class_1
0.47806607700219933,0.8756959015306849,-0.5335195256828793,-1.616959400164946,class_2
0.1363761509176649,0.9201839654325991,-1.8213503419246384,-0.6940433238576419,class_2
-0.9337620150279403,-0.6758501951072257,0.9677253867794737,0.7698959812747644,class_2
-0.35100363260235373,0.8272882533898503,-0.4275643645921248,-0.16376410412220166,class_2
-0.3157988626212296,-0.7678731859549048,0.4654967741662798,-0.46380044135143456,class_1
-1.7047716019072325,-1.228051913387282,0.5010854326224657,-0.6610690958071401,class_3
-0.36240537413533797,-0.3876466000081826,0.010802084856015158,0.09446999181963821,class_1
0.5863656859271392,0.5378266281805518,1.479590373650935,-0.44948342976970423,class_2
0.614829227678646,0.9169696992397534,1.100370680697223,-0.5162975968615086,class_1
-0.40223668425597336,-0.6900459688691502,0.5733624701729451,-0.25752119890979147,class_2
0.4726021735876397,0.03347874092317099,0.8742776789190644,0.9698044873917454,class_2
1.2621974316127018,0.40553064699605434,1.7261323746695099,0.10870215281340967,class_1
-0.1897967205655491,-0.35277406371042025,-0.6343309935255456,-1.3760433315731482,class_2
0.5295476176076818,0.2901740511434533,0.007207060376370152,-0.5337959396592085,class_3
1.2368876294128397,1.6139666442312735,0.7528721671488805,0.7798696125227764,class_1
1.7323060198608151,1.2711384351469541,0.6759788558069234,0.29891815258415083,class_1
-0.4392713724694171,0.421389419768396,1.8421506585682637,-0.11626664531036575,class_2
1.402928733242267,1.841499163209223,-0.9152257211533239,2.4939270057279894,class_2
-0.9218791469477137,-0.969969699358513,0.493267793839099,-0.9956902268418067,class_2
-0.5571539058255939,-0.523434205036189,1.196339485370247,0.2306723023806257,class_3
-1.5046602192564965e-05,0.32726185270708025,0.5803959648586033,1.0960642330571804,class_3
0.7865788439072914,0.5089390798538089,-0.5677221432527015,-1.045262781398474,class_1
-1.0862554781987726,-0.4463290389210616,-0.15513028953240038,0.9759840502940518,class_3
-1.686083902649785,-0.9815540469890396,-0.82189177154304,0.24339891640053923,class_1
0.2584355227261166,-0.139490808338334,-0.33960502560656863,0.1261651964309746,class_3
0.7473206686640179,2.1155846301280925,-0.7834010538966204,0.6328683235572881,class_3
0.7166086955176159,1.4005384750931291,0.5101387156134412,-1.25738247498137,class_3
0.08854197686804013,-0.21445039747350894,-1.8435474174587096,0.5722424201872743,class_2
1.5479426740991102,0.5449196693520885,0.11698023402388695,-1.895045849947881,class_3
1.2000775807196498,1.3773568522784252,-0.8312858359510763,-0.537193794013418,class_1
-0.5529362232933929,-0.0427492339707533,0.7523837327126781,0.8937987459354568,class_1
-0.029805575447512014,0.03354522551937812,0.5115137019191913,0.3034669008166697,class_2
0.2928607361553691,0.4814135145826381,-0.8175583983299655,-0.3324425343397702,class_2
0.36228804023010036,-0.17901872681021547,-0.6622448193245927,-0.6631737506367649,class_3
-1.1348532980400556,-0.7732597518071369,-0.8628000195732701,0.07861766953178756,class_2
0.6663564669039037,0.42615939106783857,1.021222289219133,-1.4065006270122327,class_3
0.3940650595582553,0.40302600845065695,1.1425892227901149,0.04118002034917748,class_3
0.7466021687184649,1.5909074360567175,-0.48498972426172404,0.5438770041121802,class_3
-0.4337339152353092,0.43591665524266804,0.357364972155674,-2.235035497898666,class_3
-1.7399805719507304,-1.3320536193020533,-1.0197601853814635,1.8309542887565653,class_1
0.8478179195658112,0.5596085398119357,-1.2729524287397325,0.2242893994169245,class_2
0.5972249753262621,0.7210225217856233,0.8007191216696554,0.8985552801426162,class_2
1.121762573025869,1.5106933950963586,-0.746116482942726,-0.31163943394972,class_1
-0.53577431725266,-1.760930774862964,-0.7552194194170205,1.056385586030883,class_3
1.8900885515010306,1.5543542957363559,-0.4012549393198239,1.4216269780822084,class_2
-1.535460280207892,-1.6666741314934128,0.02444872191978665,1.2651599454883269,class_2
0.03428974751156938,0.2232229232863056,1.600047281319608,0.22716279838746606,class_1
-0.8764378178589124,-0.5388533168196927,-1.169676001024419,1.1692701090701714,class_2
0.5147681260538718,0.059452088364770894,-2.128169541985812,-2.516095195772766,class_1
-0.9540165807824964,-0.08152813127297047,0.184366707175664,0.11379956534029644,class_2
1.4015912219756754,1.0723198742586062,0.3044355228138156,-0.027433354183723595,class_2
0.12480415151298974,-0.18002314326924057,1.4099062172750279,-1.599949334084345,class_3
-1.9680450799647133,-1.99188284765671,1.0280535653991831,-0.03247432391745505,class_1
-0.04114128870513053,0.10107205078806804,0.11912392936627762,-0.5840293332220078,class_2
0.25018012144902,1.2786211584635376,-0.6100988660571137,-0.1250444158598842,class_3
0.029480256853226604,0.14543721529275702,-0.19562233080768832,1.5452321516965593,class_1
0.9332651482344515,1.6425476239547208,0.21053467078924676,,class_1
-0.5802600503817316,0.14753595396171837,0.6407291102029202,1.3837203611929991,class_3
0.22893331131590577,-0.1138388413691265,-0.485396202914123,2.390222710651804,class_3
1.2541252944799508,1.10470195997386,0.8194475726178976,2.3310246715580702,class_2
-0.8712907926612125,-1.563502679023713,1.9661274713755903,0.687692185117782,class_3
0.0215446694775535,0.4957374111335007,-1.9736826764086015,-0.46252138394282544,class_2
0.3425376528509516,0.18456227134104763,2.3597719343296117,0.7396312049865622,class_1
0.5372100357990244,0.28376826613341344,0.9872473529834096,0.11866416972399602,class_2
1.0722004318312934,0.15777015351252352,0.37863932383803556,1.0571892702413659,class_2
1.364796377521382,1.0239319947267755,0.4019282830788125,1.5012358638272103,class_2
0.46981171656926507,-0.13762213988151342,0.7357333602801638,0.013236672801670204,class_3
0.6917842303132042,0.9475274314998343,-0.09983458049545033,0.27295575486338886,class_3
1.0895196383351837,1.3072315111618802,1.0915836193774722,0.3571286762713211,class_1
-0.11948997714251512,-0.151688726538449,-0.8348511527715018,-0.09588360256597088,class_1
-1.117739593077172,-1.3378791835183272,-0.8898039893484101,-0.11902850660012523,class_1
-0.3126760732288705,-0.0788532350995767,0.4853032830631407,-0.37351399718084694,class_1
-0.6575714180727691,-1.075375829006894,0.9958587243723608,1.4235594722650329,class_3
1.1351940376319223,0.6261188492140198,-0.4511753572394145,-0.07577147645982442,class_1
0.501120583921619,0.3598952323971545,-0.6718477397612058,-0.474512933619039,class_2
-1.1867385978178147,-1.110485018885791,2.4718090760554694,0.19923804124923924,class_1
0.18539540093239618,0.3800468880744522,0.25649197844354,0.004132882654866092,class_3
-2.0705822665314852,-1.9776733748052076,0.8590460581777356,-0.8453204649775686,class_2
1.7229871299984574,1.3396461884874287,1.2676235608039048,0.7706987820947633,class_1
-0.2256388804935839,0.24305419510292997,-1.2588064596843365,-1.7253542620077036,class_2
0.5714215472049536,0.3377916054108104,0.22946036445842968,-1.1088029749380393,class_2
0.661346003144031,0.2564543711400045,-1.1617333589343466,0.7393260256749032,class_3
-0.0014662780163257677,-0.2988909212086348,1.2381603014898497,0.9694097907482053,class_2
-0.6601231436368453,-1.167160960388476,1.8262093469068,-0.7841422934704089,class_3
,-1.1626176414004505,2.0132464547946003,-0.6564861068187239,class_1
0.754911968914442,1.2256688636992563,0.7811812052237417,-0.5222384795425068,class_3
0.03945400873860742,0.09839605716335496,0.7583530326440655,0.044658280963466405,class_2
0.9889624539237646,1.5325427156726752,0.23511994315166507,-0.8129740246401806,class_2
-1.7425047104685931,-1.4076249601580735,0.28729076103636375,0.7795294207714503,class_1
0.9290956780135753,0.37064100522497495,-0.8241307213394766,-0.15323096025821417,class_1
-0.4472176797524765,-0.202989044314,0.6876524845090128,0.1855133065847436,class_1
-0.3288257038581731,-0.14417505844976908,-0.04268309622747663,0.5566166656775543,class_2
0.8575033354056679,0.5580126961179511,0.6684176852860094,0.3697059256391301,class_1
0.2010221698550361,-0.3020615317236475,-0.5265066965161149,-0.6236025096293596,class_1
-1.6747212095910657,-0.7927283668918098,0.5374338542273371,1.0656851747200478,class_2
0.1273909203159766,0.2415168567024702,-0.22752941536322038,3.0317624151106344,class_3
0.413178432070061,0.3622334723464048,0.8356149278862445,0.372325560060305,class_1
-1.528474232187262,-1.9349903594519136,0.2704853861101991,0.23914928463346072,class_3
-0.23427748537268162,-0.5815273972544132,-0.6082397293372869,-0.1340272208093656,class_2
-2.447985755316899,-2.760239884779131,-1.4569854207812678,-0.2634772501790354,class_3
-0.10103350061570869,0.20155772585186374,0.5547965217253135,0.546667032616485,class_2
0.767088462172458,0.4899756958124422,-0.8760594641105784,0.34044044350154545,class_1
0.7404938069349016,1.0484503216330117,1.0642094888580087,-1.1883888545982695,class_3
-0.5580993668042731,-1.3457719341704457,0.7768076988651466,0.03931306602429631,class_1
-0.9262094469666107,-0.7562578610253242,0.6271096001491656,0.1771198300050302,class_2
0.8357430155664068,1.0883817040845267,-0.7120541661829632,-1.4980397753910466,class_1
-0.5108974945315357,-0.8343383260350166,-0.9810993674682146,-1.3679422773818628,class_3
0.5320258529856207,0.16448993517042462,-1.4220517661401326,-1.3620508308526522,class_2
-0.32076944578029004,0.15262976515309726,-0.11580350997176611,-1.1805943397534906,class_1
1.36234559365018,1.1752902829116003,1.0247567337507726,-0.20644575841053947,class_2
0.3121714541477153,0.8061166455817138,-0.30620207897154783,1.1634958143064738,class_1
-0.48975843446738493,-0.34644905520408464,0.47969053059753036,-0.34284465290983673,class_2
-0.9812781665181475,-1.0087888147737605,0.041206066781619685,-0.5483455378650185,class_3
-0.7905929959279463,-0.5820444290405333,1.016977048237856,-1.0251791944441757,class_2
1.0595629002141804,1.5075966718303662,2.2340930807977313,1.2082628254805003,class_1
-0.9784948371823327,-1.8032105746839655,-1.66150491973851,0.0853713816025881,class_1
-0.2345926371915927,-0.2626538073349235,-0.9145762783273513,-0.59197880772998,class_2
-0.9376156687165075,-0.2623809717782933,-0.4488776202803848,-1.4527575467621472,class_1
0.9260182754660801,1.1701046652100175,-0.4847307615489939,0.8697611871649563,class_1
-0.8120384118458864,-1.327046696475759,0.9091596022138765,0.7412817669850216,class_2
-1.1432068160763629,-1.0277156102651779,0.2595417655715384,-0.8526931146348199,class_2
-0.17099945188243304,-0.7746785107834243,-0.8438099785247232,0.33695667606019053,class_2
-0.8402577298875837,-0.8602629062230029,1.1493768409578178,0.18583457751891555,class_2
1.2931105064839947,1.4460591023506661,-0.370370609661107,0.9661296810041061,class_1
0.706516976380987,0.5556138028184977,-0.8765648241831969,1.6443017102336905,class_1
-0.46516218090687156,0.2557060993454189,0.33051952858759515,-1.0921823270869582,class_1
0.4867482152786066,0.46933854755984217,-2.7494353860385554,0.3951428190317255,class_1
0.37806618314922896,0.23216557328109305,1.081450469628532,-0.8184976024103849,class_1
0.4261035197154763,-0.08013620620853933,-1.9168158717650765,-0.37719287478907115,class_3
-0.8473779337515306,-1.0261381773183214,-0.7663153496157056,-2.109950646879972,class_1
-1.9911705059932627,-1.4077742451272732,-0.5571705270530996,0.768603765496369,class_3
0.48177779422372957,0.9617532880766475,-1.3588772459230156,1.0090998037340055,class_2
0.33383406798949344,0.4578661557931571,-0.21714361307631405,-1.0285042409412697,class_3
0.343501636055633,0.6209406048945918,-0.5829938836640675,0.5539535059953238,class_3
-0.46491030141036366,-0.397139197271254,-0.4413823123659498,-0.06092305470793503,class_3
-0.7545589943955657,-0.31808301976659953,0.939420421798181,2.0617991527316084,class_1
-3.1677318758105533,-2.8528867631369956,0.4846435113117023,0.5159584767678441,class_1
0.8386075008219898,1.1282292760703776,-0.506169266692334,-0.4439016364187562,class_1
-0.023242008850445636,0.36277073646387703,1.0874546201484645,0.1382234254743028,class_3
-0.015421192982278717,0.3306734645581308,1.1352747316531886,-0.6699950968782225,class_1
1.3914338682492722,1.7397371063251832,0.1655154620167624,-0.3131539389082808,class_2
-0.9013986354058172,-0.8727157854104125,0.585247531358856,0.2839060011754735,class_2
0.6645438984048543,,0.018991186640108272,-0.261264391041254,class_1
1.9007453750484353,1.7749128893024924,0.05620565308915186,-0.3974833349294312,class_2
0.6046153834890775,-0.12346722863775571,-1.0789571870486339,0.4879913708045874,class_3
0.16446474386221763,0.514243125809827,1.6875530394866385,0.7641144055017897,class_1
1.391375910173637,1.4707970721018895,0.2566343810815294,-0.23236723937677117,class_1
-0.6196360986627831,-0.4316620146878835,0.06494308755074261,,class_1
-0.20017248469233698,-1.4093565109742905,-0.345156867242898,-0.805718166612792,class_3
0.5686941965280787,0.6427582016921018,-1.019584508167443,-0.524414892971043,class_3
0.2621084482274386,-0.15305072409209566,0.21550796930175647,,class_2
-0.410073794864891,-0.5367082852899623,0.03000653853094012,-1.2818512477286654,class_3
0.048093758801901795,-0.6389481064288655,-0.25516417502145444,0.12469727765134685,class_3
1.5758125981480686,1.3037958467256823,-0.00827988392958697,-0.583886939092219,class_2
-0.5471969893867369,-0.6715654324690694,-0.9650127247795103,-0.2792209192116837,class_3
-0.07056826202974865,-0.36971361303618167,1.8783791319931293,0.3248847188245844,class_2
0.18355976084539888,-0.04032348019470962,-0.023422959200815323,0.4261239468194264,class_3
1.8961100994444857,1.1239481175648707,-1.073702412717801,-0.5108345590530156,class_1
0.6411235825100411,0.9099400243457633,0.5837865452929482,-1.0470917207664545,class_1
0.9915303280679183,0.7704547815474452,-1.8582426621125354,-0.2602286305631211,class_3
-0.6240813504049851,-0.15367755628436594,-0.7130470816913138,0.8249378896141027,class_2
1.103639678336976,1.8509878114790526,0.7096618656378763,-1.2476277991437925,class_3
-0.028705101376914066,-0.9331709210184234,-2.1951837465222086,-0.040342386534012425,class_3
-0.1407863447857996,-0.11147928369040097,-1.105835182152118,-0.35806266957117455,class_2
-0.3868935072508841,0.16246115490383584,0.13660228301270078,0.9444158685402726,class_3
0.21099441577387554,-0.22657764817359752,1.0643121862471823,-0.11533499480733611,class_3
-2.8605990813770816,-2.625769022874243,0.3808292528376731,0.3752574781667358,class_1
-2.1434318366945018,-1.515780799744916,-1.6050559790039236,0.7925074116726066,class_2
0.21460253702768084,0.4499272335122022,-1.2792539721752665,0.10715507283932346,class_1
0.2044351764545684,1.0653270729023063,-0.284099005360783,0.10016963799347375,class_3
-1.848563962492168,-2.015572734187504,0.06397771136885474,0.046513170214741384,class_2
-1.296821603279354,-0.8591815701891446,-0.4213372746456993,-0.32891987033337716,class_2
0.3672073097253664,0.682130805884254,-1.5813107815109928,-0.03775503444853058,class_1
-1.7025289014444234,-2.080917279924482,1.461799167547305,0.7212253727997919,class_3
-0.40301215319792466,-0.05766868192477649,-0.22776554558134285,-0.9431599243693896,class_1
0.20959518629040202,-0.4080801014864446,-1.3150291055377534,-1.4126410226012216,class_1
-0.0550535534740843,-0.9029639113988995,1.3624582440002129,2.0638945356566682,class_2
-1.3172955490870162,-1.4528914342575174,-1.5452999455287577,0.9364004170146472,class_2
-1.2043492622063898,-0.9312170667893779,-1.3090950523879856,0.5504335109347853,class_1
2.0792648005493812,2.0874909438314324,1.1379567694000488,-0.22282217575721136,class_1
0.1933703883908489,0.7792379496855383,0.9747518150865815,0.8893462537723492,class_3
-0.911577594640591,-0.7928295727609664,0.7329085574375346,1.0813747939371465,class_1
0.12637156607015324,-0.3008567286116433,-1.2123682930597257,-0.237259719097402,class_1
0.2842198600481028,0.26552757148796363,1.4408125980042632,0.2414521596024293,class_3
-1.1110444775253745,-0.8450909298898842,-0.231446797688791,1.0793156564321207,class_2
0.5035620341478629,-0.0288384861706065,0.6358433382659322,1.3221358940784769,class_3
-0.2575468808001286,-0.0573226324319412,-0.18123103454670117,1.6481121618238797,class_3
-0.2203858619248615,-0.843727891800497,0.5107079492135139,-1.0366228991646005,class_2
0.6778662578010639,0.5416996426487943,0.356756290308358,1.075722967494192,class_1
-0.5820254631677719,-0.28828728824227384,0.012578502351833248,-0.060092247755131445,class_3
1.063502071221214,0.3543986850293666,-0.3122681946066529,0.040336405554690695,class_3
1.1931126375814525,0.6011859543500547,0.38472331458523407,1.5682064470638322,class_2
1.543112120429464,1.459591343474743,1.5611865331764823,-0.11216390011058394,class_2
-0.9752293998040452,-1.5725817713531764,0.47125045784589364,0.3519307708186574,class_3
-0.731730368687859,-1.0958382536800044,0.8630924536109083,-0.3349320372736072,class_3
-0.26302541307731575,-0.0821073027350308,-0.15403331657586652,0.3520029539376315,class_1
0.025098759158255643,0.4942047420337431,1.6054833827939645,-0.6490597530412794,class_1
1.006502758932916,0.4766956799071012,-0.742678854701153,0.5684443055946129,class_2
-0.9511223746693352,,0.9268559135765412,-1.7040996256474057,class_1
0.39096607507014125,0.021414171843627507,0.5811988119942524,0.4097512196232897,class_1
-0.6615673011562724,-0.7375374797416658,-1.2560547928680381,0.1133705380252234,class_3
-1.0801353541334344,-1.6124731453571726,0.7173484576086773,1.6765947982456966,class_3
-0.6537055731117476,,0.7257079833187221,0.8508609038591928,class_1
0.07032623097929307,-0.7784563362768381,-0.6083674959040184,-0.0724123388305437,class_1
-0.03195798299835735,-0.6301257072141655,0.5575758428248162,0.18605284365218855,class_1
-0.6148957174123385,-0.642473286532348,0.07845013077791134,2.054545094620777,class_2
-0.34661669333968015,-0.2557397900260713,-1.023647761699891,2.032337024710338,class_1
0.4781390085521904,1.0806802797348485,-0.04959030788193934,-0.547004720844995,class_1
-2.31278185578066,-1.197995144588757,-0.3765947230234853,0.4481421446267063,class_3
0.1045529949074697,0.72890412523659,-1.7749430445787269,-0.5711359143597373,class_3
-1.2697859712439787,-0.6176721615781687,-1.3895233522181258,2.417805536116446,class_3
-0.3966327225792613,0.25991342782301813,-1.647777141104471,0.8061002168001363,class_3
-0.5954317494391471,-0.9377716553565739,0.6451126876611214,-0.038910034786217525,class_1
0.3720732776076744,0.7574633922529919,-1.852727861690278,-0.46344461362539624,class_2
-1.1020451347976585,-1.2207984452073644,0.3482030159448188,-0.7013441497638416,class_2
-0.5552129759728854,-0.08471078345899886,-0.8834251560876358,-0.6275772412110292,class_1
0.26933069085845385,-0.14482399928024503,0.046309964794139964,2.0221089508534758,class_1
-1.4621004447866834,-0.9296476343854702,0.7268728636964236,0.6308001641460198,class_1
0.9248868223434209,0.34764742269026766,-0.17144983148779322,-0.12725330898528756,class_2
0.5579043615854739,-0.04407256460353103,0.237338103793847,1.3363794578768242,class_3
1.6612100008322639,1.3716793549770758,-0.09031901025512999,1.6647760587482714,class_1
0.35494344718206833,0.1791648297423993,1.4230951495116198,-1.477307754317332,class_2
-1.390176782695459,-1.2753795128333398,1.4295319745684398,0.05165171444731515,class_1
-0.9094288435954998,-0.7538278150562213,0.6232910662519707,0.7190930460883368,class_2
0.22599158619180398,0.22791802241221623,-0.9069369850959007,1.9154346915728602,class_3
-0.08488836992561638,0.05587045706743171,-0.4294726458945011,0.4024407533435215,class_2
0.4106612852954311,-0.08152649437159182,0.009552286256846456,-1.5819525174378992,class_3
1.572696871539226,1.8082433966916014,0.48788334201956646,0.13687332068938496,class_3
-0.9941024327489285,-0.11151681519524327,-1.3610169279074695,-1.9325890209406105,class_3
1.0028774759597376,1.0385082081509156,-0.686937621665846,0.6108410311366891,class_2
0.7174604885033282,0.516979207006028,0.13677411731669906,0.5615411546196448,class_2
0.927993500790535,1.1191688346454638,-1.21271879904259,0.2677741974925111,class_3
-2.5408384521007683,-2.5791231995246218,0.7183478868941628,1.350170051262012,class_1
2.0662571421664273,1.7130674860058708,1.2827928561027135,-1.3222863959001843,class_1
0.955860467910999,0.4072328112852279,-1.0620462588465547,-0.16565047568402144,class_2
0.22387566450229598,-0.1254835830732083,-0.7410185797788948,-0.8915294546720363,class_3
-0.6426149183427275,-0.3756525972882729,-0.17857196789385368,-0.23212569049535728,class_3
-0.010970495034993057,0.2878566650877335,0.47045035557017084,-0.27825376845717287,class_2
0.33580409448789933,-0.04910506383155376,-0.781790229733328,0.0806077756205216,class_2
-0.8124731938020726,-0.6868713106967325,0.4552984384165761,0.4449420625446217,class_3
-0.24879015900326582,0.15872339351829814,0.9351087610227838,0.6964118908227692,class_3
-0.04317745327056448,0.23962977751536005,0.22846068173232117,1.386992729908838,class_1
-0.4317720809743993,-0.11811845085129971,-0.7357519902503197,0.2470067074841741,class_2
-2.673475401460369,-2.8730244620601164,0.07099471542494816,-0.3747950747900833,class_1
0.5816705781950555,0.3696553451445629,-0.6729710177274647,1.5444494781186728,class_1
1.4060207820827386,1.6885724332710745,-1.7083998929533477,-0.7576117245422473,class_3
-2.9300533478373154,-2.5275612619589376,-1.6667579329902373,-0.36667879365052214,class_1
0.8497970908840915,0.5672405248760972,-0.2820290477899447,1.2993469305535403,class_2
0.2845225899508189,0.062380549640797776,-0.22742063075565644,0.7577767609361872,class_3
0.5933212864527647,-0.2057271377560108,0.39703160229398016,-1.271855184500885,class_1
0.30087635501039445,0.5648757409532333,0.3030482829327168,0.7593852088307432,class_2
-0.03636148180378393,0.16315884080578064,0.924699196769792,1.1697461809855167,class_2
-0.6035548615441272,-1.2045647258300887,-0.43946351334689027,0.7504235544035768,class_1
-0.2003505171154208,-0.6190861210715315,1.0904719911385654,0.5460892308314287,class_3
1.3051488273118388,0.46181059719253265,-0.07116698885308664,0.45990026630777037,class_2
-0.6678553562806463,-0.06336506955355821,-0.9452565518733762,-1.8524229149889546,class_1
-1.7882027349699476,-1.769141363174639,-0.3293915374126943,-1.2156563684719617,class_2
-2.0824308171787766,-1.3898196917359191,-0.4768840230332781,-0.49286894782440155,class_1
0.4035880849974329,0.3270104738445794,-1.4771429651124275,0.7222017089664575,class_2
1.6287340925376246,1.6064157231549039,0.8392013551522634,-1.0554337809557044,class_1
0.24369485168604066,0.3783567537975215,-0.22065607324128275,,class_3
,-0.9224532110063194,-0.8317611742628097,-2.6251466840968023,class_3
0.16453037253797523,0.028189319376304964,0.26754028612655384,0.403376242526725,class_1
0.6771949249238631,0.34983102531460636,1.1487423498227427,-0.2455014897355009,class_3
0.12836738935764455,-0.005934546566546998,1.560350929874458,0.18334221399842102,class_1
-0.8874109331207836,-0.9816473253937826,-0.06375426499064825,1.2319794032650222,class_2
0.26906644572341687,0.3723772482482186,0.8542398605768328,-0.25582313424258235,class_1
-0.7086213213086039,0.24995723996287794,,-1.125223510379835,class_1
0.11030877021083714,0.2363373845102334,1.4310991655892973,-0.7747719955783602,class_2
-0.5255950417157076,-0.6014363731080159,-0.31867309057680415,-0.1380470752815336,class_1
0.9339502997879432,1.7615026159356875,0.29603307704261733,-0.08792740941989748,class_1
-0.6963932666723499,0.5287502265820112,-0.09398543278462142,-2.334177042210305,class_1
-0.678510106141473,-1.0103485977956514,0.5911065144305567,-0.8108889438085887,class_1
1.7381550443370517,0.9009016507587818,0.09152643923886121,-0.3483693632340722,class_2
1.03177944337409,1.208344411487242,-0.40817317598895414,0.010335563182354726,class_3
0.8165856815326451,1.5512387951532858,-1.183759097060195,0.7141137485533007,class_2
1.3001804462473492,2.044448182400193,0.4173708030318292,-1.0925542703834126,class_2
-0.0775562967386269,-0.5365756398190811,0.01753690167305848,0.5628579201823911,class_3
0.38789397873075593,0.5675615574279621,-1.2787099677768716,-1.2119097199812767,class_3
1.0284652223671142,1.1610117384386642,-1.3018227522210977,0.3195540067233614,class_1
0.19997939454086727,0.752638305374117,0.32371889557906497,1.4066155336506445,class_2
0.8289982580953354,0.644028370369971,-0.9810871581162783,0.056143340244167284,class_1
0.5715396779058804,-0.060604486706300385,-1.215502858845695,-0.7258582206871392,class_3
2.6379395081969625,1.9230692322938965,0.6274938966718445,-1.0563464635034578,class_2
1.2616931320468072,1.4052692721263251,-0.636496049848254,1.790898571232915,class_2
-0.5743867979970253,-0.6777198282199456,-1.5223142306080597,0.6625261297812802,class_2
1.81155703581087,1.3429486440206342,-1.5948752640156,2.4463178589103234,class_3
0.47257643483981726,1.5559280705946936,1.3525939097565454,-1.4966604767228804,class_1
0.5182872514179847,0.4091185137148284,-2.236925498726021,-1.32042314684441,class_1
0.2199914707145397,0.39671827275807164,0.2213752539762284,-0.6512961263601446,class_2
-0.463787413973667,-0.16601780030065036,-1.101621829574262,-0.3161248719684872,class_1
0.3057187594658028,-0.33011256737821737,0.7900755494722314,0.8883575248346502,class_2
1.2290274589637198,1.5667863212057203,-1.056265408290668,-0.7555407187405284,class_1
-0.38906978117414687,-0.29575885146499453,0.3964868174109183,1.0991839937853107,class_1
-1.5003913059722283,-0.8383125816992647,0.0681009634377188,0.4697273397350485,class_1
-0.2694657096882251,0.04493683357948179,-0.8378232587776496,-0.30434060491792164,class_1
-0.765218969728818,-1.6462364753657908,1.3079156237798386,-0.05058740143343007,class_1
-0.47899826898623216,0.5870967969819033,-0.726994372407347,-0.04009491210443619,class_3
0.512359364357308,-0.3833261687655411,0.02596211343350502,-0.4077307716044333,class_1
0.9259697606436155,0.5552855188670927,-0.6289453549327747,0.9832399694454041,class_1
-1.1746003771711984,-1.378135036500986,0.5169904721611418,1.340254400951829,class_3
0.4669461487900432,-0.00013110414581079014,-0.9947731190286448,-0.804149961574959,class_1
0.5533449912823653,0.651464848085299,-1.563705118543149,-1.034720990684745,class_3
-0.29486559277447294,-0.16244538345939247,-0.6683383683547026,1.7007927584283167,class_2
-0.47814103591663476,-0.13144800392861786,0.7443335887496761,-0.2538375611255331,class_3
-0.013281791689850045,-0.6249599305299686,-0.35753010855453504,-0.25563970504779554,class_1
0.6871414952566953,0.8838814741456891,-1.123971762429434,,class_1
-0.9350942942005194,-1.3975628550561596,0.28344143574463715,-0.9080624323291501,class_1
0.4489830190350754,0.14541971922826427,0.6018956486064415,-0.6903295791777758,class_2
-0.7057970236021054,-1.2662921762345036,-0.6496037095948308,-0.24572077366219902,class_1
